{
  "train_accuracy": 1.0,
  "test_accuracy": 0.5555555555555556,
  "cv_mean": 0.5222222222222223,
  "cv_std": 0.05665577237325319,
  "classification_report": {
    "a": {
      "precision": 1.0,
      "recall": 0.16666666666666666,
      "f1-score": 0.2857142857142857,
      "support": 6.0
    },
    "e": {
      "precision": 0.6666666666666666,
      "recall": 0.6666666666666666,
      "f1-score": 0.6666666666666666,
      "support": 6.0
    },
    "i": {
      "precision": 1.0,
      "recall": 0.3333333333333333,
      "f1-score": 0.5,
      "support": 6.0
    },
    "o": {
      "precision": 0.2857142857142857,
      "recall": 0.6666666666666666,
      "f1-score": 0.4,
      "support": 6.0
    },
    "space": {
      "precision": 1.0,
      "recall": 1.0,
      "f1-score": 1.0,
      "support": 6.0
    },
    "u": {
      "precision": 0.42857142857142855,
      "recall": 0.5,
      "f1-score": 0.46153846153846156,
      "support": 6.0
    },
    "accuracy": 0.5555555555555556,
    "macro avg": {
      "precision": 0.7301587301587301,
      "recall": 0.5555555555555555,
      "f1-score": 0.5523199023199024,
      "support": 36.0
    },
    "weighted avg": {
      "precision": 0.7301587301587301,
      "recall": 0.5555555555555556,
      "f1-score": 0.5523199023199024,
      "support": 36.0
    }
  },
  "confusion_matrix": [
    [
      1,
      1,
      0,
      3,
      0,
      1
    ],
    [
      0,
      4,
      0,
      1,
      0,
      1
    ],
    [
      0,
      0,
      2,
      3,
      0,
      1
    ],
    [
      0,
      1,
      0,
      4,
      0,
      1
    ],
    [
      0,
      0,
      0,
      0,
      6,
      0
    ],
    [
      0,
      0,
      0,
      3,
      0,
      3
    ]
  ],
  "feature_importance": [
    0.011185412509611008,
    0.025284284300721063,
    0.015222030125507454,
    0.008855565874509605,
    0.01019634845933176,
    0.013074244305221408,
    0.009649079162135058,
    0.006741236624573023,
    0.009448614649182825,
    0.003929234572602697,
    0.006557305090806517,
    0.0027454703353481133,
    0.02255883444765432,
    0.02994358299145417,
    0.004846795653507234,
    0.004572653571828882,
    0.0077279008846844605,
    0.01853561711310733,
    0.00780896663666223,
    0.010043656663782772,
    0.01518011790060266,
    0.011510827120512938,
    0.0076170693561096,
    0.010018610507730449,
    0.006166870868916789,
    0.005129735757374467,
    0.007253230988017879,
    0.006091880794134537,
    0.009654957900819362,
    0.007747731534785624,
    0.015786576022238406,
    0.022628936287327577,
    0.0039017658146368087,
    0.004274378127250631,
    0.013737144518916757,
    0.01475918615873045,
    0.006299512139811239,
    0.009044620176412355,
    0.009948559868353574,
    0.009782441194974211,
    0.0083198818738621,
    0.01215170877332789,
    0.006637473627290708,
    0.008134428106020098,
    0.0063768484677480895,
    0.006156932362355189,
    0.007839811450167404,
    0.00959692639817424,
    0.00902016940924867,
    0.010727588300704019,
    0.006671803702008505,
    0.0018760894576964058,
    0.008009871699401316,
    0.011714764974278008,
    0.006736215458345284,
    0.00804532041552313,
    0.005383012438938125,
    0.014957083851004895,
    0.05635481331624889,
    0.017372978978444673,
    0.007182596255600063,
    0.00706695882848465,
    0.0016860691544939065,
    0.0008305535257336244,
    0.017566478210273156,
    0.01749070512444448,
    0.016033927825112256,
    0.013675683809346008,
    0.02531152706903065,
    0.006583859746426068,
    0.006207144510788688,
    0.007820199635706033,
    0.007750799686134449,
    0.0019305345204037746,
    0.0003683860246426657,
    0.022190880900644118,
    0.026897864891478492,
    0.014883951184474215,
    0.011096387021725653,
    0.018241051674619955,
    0.008876428142813487,
    0.00945454235517065,
    0.010519973015454808,
    0.0059158446778681695,
    0.0020989587747909364,
    0.00029030826554535103,
    0.021449853035932238,
    0.012942583719832902,
    0.014708494809933807,
    0.008036347891748195,
    0.014853693777103195,
    0.007786490519181691,
    0.00470621134438558
  ],
  "training_time": 0.8307301998138428
}