{
  "train_accuracy": 1.0,
  "test_accuracy": 0.625,
  "cv_mean": 0.7,
  "cv_std": 0.11456439237389598,
  "classification_report": {
    "a": {
      "precision": 0.3333333333333333,
      "recall": 0.25,
      "f1-score": 0.2857142857142857,
      "support": 4.0
    },
    "e": {
      "precision": 0.4,
      "recall": 0.5,
      "f1-score": 0.4444444444444444,
      "support": 4.0
    },
    "i": {
      "precision": 1.0,
      "recall": 0.75,
      "f1-score": 0.8571428571428571,
      "support": 4.0
    },
    "space": {
      "precision": 0.8,
      "recall": 1.0,
      "f1-score": 0.8888888888888888,
      "support": 4.0
    },
    "accuracy": 0.625,
    "macro avg": {
      "precision": 0.6333333333333333,
      "recall": 0.625,
      "f1-score": 0.6190476190476191,
      "support": 16.0
    },
    "weighted avg": {
      "precision": 0.6333333333333333,
      "recall": 0.625,
      "f1-score": 0.6190476190476191,
      "support": 16.0
    }
  },
  "confusion_matrix": [
    [
      1,
      3,
      0,
      0
    ],
    [
      1,
      2,
      0,
      1
    ],
    [
      1,
      0,
      3,
      0
    ],
    [
      0,
      0,
      0,
      4
    ]
  ],
  "feature_importance": [
    0.010788833344927204,
    0.024139140956593187,
    0.032371359703187365,
    0.013464509367760155,
    0.012063277621497543,
    0.028636369254484147,
    0.006556489566392997,
    0.004554097451904442,
    0.0024629131201947953,
    0.0026576330970739105,
    0.005260105547879531,
    0.006596603171224758,
    0.014644941611887133,
    0.02203535521676273,
    0.004521201297662217,
    0.007182760029393798,
    0.007808565062561417,
    0.018341585433107772,
    0.006680759576247454,
    0.01160645184911397,
    0.020428526182114045,
    0.009579548737071328,
    0.006008647204721068,
    0.0189119682651963,
    0.0008934187617765345,
    0.0023733482929129625,
    0.005571184692255034,
    0.0032677696269818694,
    0.00827282650597226,
    0.006483441644269236,
    0.007076156169502592,
    0.010357305910145838,
    0.0006810034304599713,
    0.0034221474660281886,
    0.02663812495442279,
    0.0039353817888375196,
    0.003293643914855281,
    0.028759863535564752,
    0.025795498824319044,
    0.003706979662619911,
    0.004439205408000577,
    0.00869234256941891,
    0.004340563038009193,
    0.0037511980100154007,
    0.003531450510051288,
    0.0036822144766513304,
    0.007350223374377008,
    0.004241157063479953,
    0.007872087054389706,
    0.028619560345680705,
    0.0026219075999352566,
    0.002196716257898496,
    0.01856294326678779,
    0.011236230428199807,
    0.004904301479659359,
    0.003872418254818131,
    0.006603364675261606,
    0.016818735640133545,
    0.057041407010313724,
    0.040382952695339196,
    0.005811127056148623,
    0.003408245424544661,
    0.0,
    0.0,
    0.010021726972179233,
    0.016398487768768354,
    0.00623569880990155,
    0.0036537803907236723,
    0.011502025713969816,
    0.007594535310248828,
    0.005125725770073058,
    0.005359156258669473,
    0.0037523416669109984,
    0.002190694648675148,
    0.0003937596132718085,
    0.01265396116905044,
    0.04112031480481537,
    0.015063137768202619,
    0.0033008009056035128,
    0.022337881760832366,
    0.0029807222967525087,
    0.005185066532265339,
    0.001839708244447326,
    0.007440234850014124,
    0.0016483399200126212,
    0.0,
    0.032779371046553665,
    0.036840493459672226,
    0.026483203038006758,
    0.0064133687522244485,
    0.018898476765049587,
    0.0031380954119651365,
    0.0018388008621427155
  ],
  "training_time": 0.6256711483001709
}