{
  "train_accuracy": 1.0,
  "test_accuracy": 0.8125,
  "cv_mean": 0.75,
  "cv_std": 0.10458250331675945,
  "classification_report": {
    "a": {
      "precision": 0.6666666666666666,
      "recall": 0.5,
      "f1-score": 0.5714285714285714,
      "support": 4.0
    },
    "e": {
      "precision": 0.6,
      "recall": 0.75,
      "f1-score": 0.6666666666666666,
      "support": 4.0
    },
    "i": {
      "precision": 1.0,
      "recall": 1.0,
      "f1-score": 1.0,
      "support": 4.0
    },
    "space": {
      "precision": 1.0,
      "recall": 1.0,
      "f1-score": 1.0,
      "support": 4.0
    },
    "accuracy": 0.8125,
    "macro avg": {
      "precision": 0.8166666666666667,
      "recall": 0.8125,
      "f1-score": 0.8095238095238095,
      "support": 16.0
    },
    "weighted avg": {
      "precision": 0.8166666666666667,
      "recall": 0.8125,
      "f1-score": 0.8095238095238095,
      "support": 16.0
    }
  },
  "confusion_matrix": [
    [
      2,
      2,
      0,
      0
    ],
    [
      1,
      3,
      0,
      0
    ],
    [
      0,
      0,
      4,
      0
    ],
    [
      0,
      0,
      0,
      4
    ]
  ],
  "training_time": 0.0335545539855957
}