{
  "train_accuracy": 1.0,
  "test_accuracy": 0.5,
  "cv_mean": 0.49444444444444446,
  "cv_std": 0.06894263136661588,
  "classification_report": {
    "a": {
      "precision": 0.25,
      "recall": 0.16666666666666666,
      "f1-score": 0.2,
      "support": 6.0
    },
    "e": {
      "precision": 0.75,
      "recall": 0.5,
      "f1-score": 0.6,
      "support": 6.0
    },
    "i": {
      "precision": 0.8,
      "recall": 0.6666666666666666,
      "f1-score": 0.7272727272727273,
      "support": 6.0
    },
    "o": {
      "precision": 0.2727272727272727,
      "recall": 0.5,
      "f1-score": 0.35294117647058826,
      "support": 6.0
    },
    "space": {
      "precision": 1.0,
      "recall": 1.0,
      "f1-score": 1.0,
      "support": 6.0
    },
    "u": {
      "precision": 0.16666666666666666,
      "recall": 0.16666666666666666,
      "f1-score": 0.16666666666666666,
      "support": 6.0
    },
    "accuracy": 0.5,
    "macro avg": {
      "precision": 0.5398989898989899,
      "recall": 0.49999999999999994,
      "f1-score": 0.5078134284016637,
      "support": 36.0
    },
    "weighted avg": {
      "precision": 0.5398989898989899,
      "recall": 0.5,
      "f1-score": 0.5078134284016637,
      "support": 36.0
    }
  },
  "confusion_matrix": [
    [
      1,
      1,
      0,
      3,
      0,
      1
    ],
    [
      1,
      3,
      0,
      1,
      0,
      1
    ],
    [
      1,
      0,
      4,
      1,
      0,
      0
    ],
    [
      0,
      0,
      0,
      3,
      0,
      3
    ],
    [
      0,
      0,
      0,
      0,
      6,
      0
    ],
    [
      1,
      0,
      1,
      3,
      0,
      1
    ]
  ],
  "training_time": 0.09513020515441895
}